rainfall_1h,rainfall_6h,rainfall_24h,soil_moisture,elevation,slope,aspect,label
5.0,10.5,96.0,44.5,68.0,9.743,149.686,0
22.0,78.5,401.5,43.0,528.0,25.253,77.907,1
22.0,78.5,401.5,43.0,920.0,15.856,255.343,1
22.0,78.5,401.5,43.0,825.0,18.799,347.525,1
22.0,78.5,401.5,43.0,736.0,20.232,218.746,1
22.0,78.5,401.5,43.0,869.0,9.279,60.341,1
1.5,2.0,2.0,34.4,2049.0,22.439,229.264,0
22.0,78.5,401.5,43.0,901.0,10.64,24.7,1
0.1,0.1,0.1,45.300000000000004,591.0,27.005,342.148,0
6.0,6.0,10.5,51.2,1364.0,3.238,118.451,1
22.0,78.5,401.5,43.0,794.0,14.954,115.927,1
22.0,78.5,401.5,43.0,876.0,32.86,50.744,1
0.5,1.0,1.5,37.6,383.0,16.357,74.011,0
22.0,78.5,401.5,43.0,256.0,7.139,329.387,1
22.0,78.5,401.5,43.0,934.0,29.585,276.359,1
3.0,3.0,3.0,50.1,48.0,6.654,226.133,1
22.0,78.5,401.5,43.0,557.0,28.457,129.652,1
10.0,10.0,10.0,45.800000000000004,1002.0,28.457,241.811,0
1.0,1.0,1.0,42.5,1333.0,16.282,242.526,0
3.5,9.5,10.0,48.0,68.0,9.743,149.686,0
8.0,25.5,59.0,38.9,81.0,1.989,334.838,0
22.0,41.5,41.5,47.4,351.0,21.712,51.656,0
1.0,4.5,14.5,39.7,317.0,23.23,344.303,0
22.0,78.5,401.5,43.0,1004.0,20.987,85.971,1
22.0,78.5,401.5,43.0,837.0,24.627,276.187,1
7.0,7.0,30.0,37.7,1016.0,11.123,147.704,0
22.0,78.5,401.5,43.0,1045.0,6.651,216.011,1
22.0,78.5,401.5,43.0,829.0,1.981,82.539,1
22.0,78.5,401.5,43.0,948.0,38.713,94.178,1
22.0,78.5,401.5,43.0,663.0,31.383,304.028,1
96.0,97.0,451.0,47.599999999999994,68.0,9.743,149.686,0
4.5,12.5,25.5,46.6,351.0,21.712,51.656,0
1.5,1.5,47.0,29.9,358.0,26.72,278.208,0
22.0,78.5,401.5,43.0,1020.0,25.217,91.093,1
0.5,2.5,6.0,45.5,351.0,21.712,51.656,0
22.0,78.5,401.5,43.0,830.0,27.703,327.873,1
22.0,78.5,401.5,43.0,903.0,7.352,19.968,1
2.0,151.5,152.5,46.800000000000004,51.0,6.127,287.03,0
0.5,2.5,2.5,36.7,254.0,5.04,104.752,0
22.0,78.5,401.5,43.0,840.0,24.321,282.629,1
22.0,78.5,401.5,43.0,979.0,6.879,296.538,1
0.5,0.5,39.5,36.3,383.0,16.357,74.011,0
22.0,78.5,401.5,43.0,395.0,27.005,280.666,1
7.0,8.0,12.5,40.1,153.0,7.947,4.139,0
84.5,84.5,84.5,40.9,68.0,9.743,149.686,0
3.0,3.0,3.0,50.1,46.0,6.146,33.459,1
1.0,1.0,1.0,45.5,641.0,26.053,224.225,1
22.0,78.5,401.5,43.0,1221.0,22.244,182.057,1
0.5,15.0,24.0,42.3,1312.0,18.283,267.663,0
22.0,78.5,401.5,43.0,1011.0,37.748,95.994,1
1.5,11.5,27.0,43.9,153.0,7.947,4.139,0
22.0,78.5,401.5,43.0,831.0,29.234,72.726,1
22.0,78.5,401.5,43.0,266.0,9.197,90.0,1
0.5,5.5,31.5,47.5,388.0,24.448,248.559,0
0.4,1.2,65.8,49.3,591.0,27.005,342.148,0
22.0,78.5,401.5,43.0,818.0,18.447,298.118,1
22.0,78.5,401.5,43.0,787.0,23.529,207.484,1
18.0,71.5,922.0,42.6,317.0,23.23,344.303,0
1.5,5.0,71.0,47.199999999999996,68.0,9.743,149.686,0
22.0,78.5,401.5,43.0,835.0,20.29,337.417,1
22.0,78.5,401.5,43.0,785.0,23.599,268.822,1
0.5,22.5,52.0,41.199999999999996,153.0,7.947,4.139,0
22.0,78.5,401.5,43.0,857.0,28.416,205.194,1
22.0,78.5,401.5,43.0,1093.0,25.082,260.053,1
156.0,156.0,156.0,29.4,68.0,9.743,149.686,0
22.0,78.5,401.5,43.0,997.0,26.435,243.725,1
6.0,6.0,10.5,51.2,1341.0,3.525,208.973,1
22.0,78.5,401.5,43.0,371.0,27.076,292.744,1
41.0,246.0,862.5,42.5,317.0,23.23,344.303,0
22.0,78.5,401.5,43.0,891.0,14.979,302.493,1
4.0,19.4,74.1,44.2,591.0,27.005,342.148,0
8.0,39.0,53.0,40.1,1491.0,25.712,176.429,0
8.0,9.5,16.5,45.5,68.0,9.743,149.686,0
22.0,78.5,401.5,43.0,840.0,23.506,255.65,1
86.5,519.0,1512.5,41.3,813.0,21.813,94.506,1
6.0,6.0,14.5,47.099999999999994,1016.0,11.123,147.704,0
22.0,78.5,401.5,43.0,1006.0,22.029,139.992,1
1.5,4.0,20.5,41.699999999999996,1016.0,11.123,147.704,0
2.0,2.0,2.0,43.0,153.0,7.947,4.139,0
0.5,2.5,2.5,41.9,81.0,1.989,334.838,0
0.5,18.0,19.0,48.4,351.0,21.712,51.656,0
2.5,15.0,20.3,44.5,312.0,22.188,132.203,0
0.5,0.5,0.5,18.7,238.0,31.146,311.411,1
0.5,2.0,5.5,42.6,1312.0,18.283,267.663,0
22.0,78.5,401.5,43.0,813.0,14.225,111.843,1
2.5,5.0,5.0,50.2,1016.0,11.123,147.704,0
22.0,78.5,401.5,43.0,201.0,20.093,262.947,1
0.5,0.5,0.5,34.2,1016.0,11.123,147.704,0
22.0,78.5,401.5,43.0,774.0,24.394,291.497,1
0.1,0.1,0.2,45.6,312.0,22.188,132.203,0
1.0,4.5,9.5,42.4,1312.0,18.283,267.663,0
8.0,48.0,69.0,47.699999999999996,1002.0,28.457,241.811,0
0.4,2.0,4.3,48.8,591.0,27.005,342.148,0
22.0,78.5,401.5,43.0,1000.0,20.206,256.593,1
22.0,78.5,401.5,43.0,804.0,11.563,106.582,1
14.0,42.0,89.5,51.300000000000004,1016.0,11.123,147.704,0
6.0,6.0,10.5,51.2,1368.0,9.766,15.076,1
22.0,78.5,401.5,43.0,922.0,27.49,225.639,1
22.0,78.5,401.5,43.0,1112.0,2.382,193.649,1
22.0,78.5,401.5,43.0,1038.0,27.546,2.695,1
22.0,78.5,401.5,43.0,1073.0,17.778,58.781,1
0.5,3.0,3.5,35.5,153.0,7.947,4.139,0
0.8,2.7,21.3,52.0,591.0,27.005,342.148,0
0.5,93.0,832.5,42.3,153.0,7.947,4.139,0
0.5,6.5,9.0,35.6,358.0,26.72,278.208,0
2.0,6.0,8.0,47.4,1016.0,11.123,147.704,0
17.5,26.5,32.5,51.4,68.0,9.743,149.686,0
1.5,12.0,19.0,42.3,1333.0,16.282,242.526,0
22.0,78.5,401.5,43.0,998.0,43.726,63.806,1
0.5,26.0,555.5,51.1,68.0,9.743,149.686,0
1.5,1.5,9.5,41.8,47.0,1.158,257.165,0
4.5,18.0,49.5,42.8,1491.0,25.712,176.429,0
22.0,78.5,401.5,43.0,1463.0,11.359,308.759,1
10.5,21.0,93.0,37.0,153.0,7.947,4.139,0
22.0,78.5,401.5,43.0,405.0,26.014,25.589,1
0.4,2.2,8.1,50.0,312.0,22.188,132.203,0
